Model,ROC AUC,F1 Score
Baseline XGBoost,0.988523030072326,0.9577464788732394
Tuned XGBoost,0.9949086410354016,0.9857142857142858
Optimal Threshold,0.9949086410354016,0.9893238434163701
